"0","load_libraries(c('tidyverse', 'ggformula', 'abind'))
"
"2","Loading required package: tidyverse
"
"2","package ‘tidyverse’ was built under R version 3.6.2"
"2","[37m-- [1mAttaching packages[22m --------------------------------------- tidyverse 1.3.0 --[39m
"
"2","[37m[32mv[37m [34mggplot2[37m 3.3.0     [32mv[37m [34mpurrr  [37m 0.3.3
[32mv[37m [34mtibble [37m 2.1.3     [32mv[37m [34mdplyr  [37m 0.8.3
[32mv[37m [34mtidyr  [37m 1.0.0     [32mv[37m [34mstringr[37m 1.4.0
[32mv[37m [34mreadr  [37m 1.3.1     [32mv[37m [34mforcats[37m 0.5.0[39m
"
"2","package ‘ggplot2’ was built under R version 3.6.3"
"2","package ‘forcats’ was built under R version 3.6.3"
"2","[37m-- [1mConflicts[22m ------------------------------------------ tidyverse_conflicts() --
[31mx[37m [34mdplyr[37m::[32mbetween()[37m masks [34mdm[37m::between()
[31mx[37m [34mdplyr[37m::[32mfilter()[37m  masks [34mstats[37m::filter()
[31mx[37m [34mpurrr[37m::[32mkeep()[37m    masks [34mdm[37m::keep()
[31mx[37m [34mdplyr[37m::[32mlag()[37m     masks [34mstats[37m::lag()
[31mx[37m [34mdplyr[37m::[32mrecode()[37m  masks [34mdm[37m::recode()[39m
"
"2","Loading required package: ggformula
"
"2","package ‘ggformula’ was built under R version 3.6.2"
"2","Loading required package: ggstance
"
"2","package ‘ggstance’ was built under R version 3.6.2"
"2","
Attaching package: ‘ggstance’

"
"2","The following objects are masked from ‘package:ggplot2’:

    geom_errorbarh, GeomErrorbarh

"
"2","
New to ggformula?  Try the tutorials: 
	learnr::run_tutorial(""introduction"", package = ""ggformula"")
	learnr::run_tutorial(""refining"", package = ""ggformula"")
"
"2","Loading required package: abind
"
